Model Name,Train Building,Forecast Time (s),Tau (hrs),Metric,P,C,S,L0,L3,L9,L11,L12,L15,L16,L25,L26,L32,L38,L44,L45,L48,L49
analysis\linear,same-train-test,24.021437900001388,48,gmnMAE,0.14411311006783384,0.16646440778957314,0.4403280965633348,0.05735698572132334,0.12835202501687082,0.1989197221476429,0.08716876591926545,0.09596780567305066,0.17534160089461223,0.22970356849827717,0.09449735363609937,0.038257721506260466,0.13208422931120448,0.13138786214165077,0.06525628794300033,0.09574684673442377,0.09266046117863383,0.30064583839449044
analysis\linear,same-train-test,24.021437900001388,48,gmnRMSE,0.17361619632334357,0.19568575023828796,0.6922273825877227,0.07195938748367423,0.16198676819819147,0.2678146918133225,0.11018889950357738,0.12248724604582611,0.27466486915233757,0.2988274710182717,0.12182764565130878,0.04762075991015537,0.16970936027748043,0.1610991292871551,0.08221591486644696,0.12314022484014414,0.11918386944536773,0.517602838278145
