Model Name,Train Building,Forecast Time (s),Tau (hrs),Metric,P,C,L0,L3,L9,L11,L12,L15,L16,L25,L26,L32,L38,L44,L45,L48,L49,S0,S3,S9,S11,S12,S15,S16,S25,S26,S32,S38,S44,S45,S48,S49
TFT,same-train-test,38646.608305199574,48,gmnMAE,0.04625725424130248,0.03575746733082369,0.05418597024442519,0.13792270548305016,0.33070095882650413,0.0936687829919451,0.07861601462307381,0.15206692276698477,0.2162913962318331,0.10597025986886918,0.03825405991302464,0.10261688699528598,0.11576983086727748,0.06053704890789085,0.07460842994771083,0.07059259009553456,0.2845921580265474,0.619982955893011,0.9648050206327643,0.9813205651630348,0.9626682810772815,0.9188754523140464,0.868274655322843,0.8905447354151607,0.88998220060013,0.8688466393399179,0.8526295471852708,0.9560164232944782,0.49584915969716387,0.6307366015293638,0.5771365288910483,0.759140607668596
TFT,same-train-test,38646.608305199574,48,gmnRMSE,0.057721776215264094,0.04205586484465813,0.068398198009919,0.1746159238413194,0.5196149028908884,0.11784511856900808,0.10156567892263238,0.2596770425600191,0.289549724599773,0.13641146260676143,0.04857964015743184,0.13693533227276525,0.15342822855139115,0.07672501278107625,0.09875877934038023,0.09117514844343344,0.4940136005075347,1.0097836712617887,1.5309486445435436,1.55468936788055,1.5276144097531066,1.464520913672543,1.3925675788251177,1.4246250162980774,1.4233478907270904,1.3940401179803654,1.3704274710158943,1.518514756125502,0.8088623278591364,1.0267755857445784,0.9414581597834897,1.2302282243484448
